{
  "accuracy_pct": 92.05,
  "f1_weighted": 0.9185,
  "precision": 0.9372,
  "recall": 0.9205,
  "confusion_matrix": [
    [
      12,
      0,
      0,
      0,
      0,
      0,
      0,
      0,
      0,
      0,
      0,
      0
    ],
    [
      0,
      12,
      0,
      0,
      0,
      0,
      0,
      0,
      0,
      0,
      0,
      0
    ],
    [
      0,
      0,
      12,
      0,
      0,
      0,
      0,
      0,
      0,
      0,
      0,
      0
    ],
    [
      0,
      0,
      0,
      12,
      0,
      0,
      0,
      0,
      0,
      0,
      0,
      0
    ],
    [
      0,
      0,
      0,
      0,
      15,
      0,
      0,
      0,
      0,
      0,
      0,
      0
    ],
    [
      0,
      0,
      1,
      0,
      0,
      11,
      0,
      0,
      0,
      0,
      0,
      0
    ],
    [
      0,
      0,
      0,
      0,
      0,
      0,
      12,
      0,
      0,
      0,
      0,
      0
    ],
    [
      0,
      0,
      0,
      0,
      0,
      0,
      0,
      12,
      0,
      0,
      0,
      0
    ],
    [
      0,
      0,
      0,
      0,
      0,
      4,
      0,
      0,
      7,
      0,
      1,
      0
    ],
    [
      0,
      0,
      0,
      0,
      0,
      0,
      0,
      0,
      0,
      12,
      0,
      0
    ],
    [
      0,
      0,
      0,
      0,
      0,
      0,
      0,
      0,
      0,
      1,
      11,
      0
    ],
    [
      0,
      0,
      2,
      0,
      0,
      2,
      1,
      0,
      0,
      0,
      0,
      11
    ]
  ],
  "classification_report": {
    "EATTRIBUTE_ADDED": {
      "precision": 1.0,
      "recall": 1.0,
      "f1-score": 1.0,
      "support": 12.0
    },
    "EATTRIBUTE_REMOVED": {
      "precision": 1.0,
      "recall": 1.0,
      "f1-score": 1.0,
      "support": 12.0
    },
    "EATTRIBUTE_TYPE_CHANGED": {
      "precision": 0.8,
      "recall": 1.0,
      "f1-score": 0.8888888888888888,
      "support": 12.0
    },
    "ECLASS_ABSTRACT_CHANGED": {
      "precision": 1.0,
      "recall": 1.0,
      "f1-score": 1.0,
      "support": 12.0
    },
    "ECLASS_ADDED": {
      "precision": 1.0,
      "recall": 1.0,
      "f1-score": 1.0,
      "support": 15.0
    },
    "ECLASS_REMOVED": {
      "precision": 0.6470588235294118,
      "recall": 0.9166666666666666,
      "f1-score": 0.7586206896551724,
      "support": 12.0
    },
    "ECLASS_SUPERTYPE_ADDED": {
      "precision": 0.9230769230769231,
      "recall": 1.0,
      "f1-score": 0.96,
      "support": 12.0
    },
    "EREFERENCE_ADDED": {
      "precision": 1.0,
      "recall": 1.0,
      "f1-score": 1.0,
      "support": 12.0
    },
    "EREFERENCE_CONTAINMENT_CHANGED": {
      "precision": 1.0,
      "recall": 0.5833333333333334,
      "f1-score": 0.7368421052631579,
      "support": 12.0
    },
    "EREFERENCE_MULTIPLICITY_CHANGED": {
      "precision": 0.9230769230769231,
      "recall": 1.0,
      "f1-score": 0.96,
      "support": 12.0
    },
    "EREFERENCE_REMOVED": {
      "precision": 0.9166666666666666,
      "recall": 0.9166666666666666,
      "f1-score": 0.9166666666666666,
      "support": 12.0
    },
    "MIXED": {
      "precision": 1.0,
      "recall": 0.6875,
      "f1-score": 0.8148148148148148,
      "support": 16.0
    },
    "accuracy": 0.9205298013245033,
    "macro avg": {
      "precision": 0.9341566113624936,
      "recall": 0.9253472222222222,
      "f1-score": 0.9196527637740584,
      "support": 151.0
    },
    "weighted avg": {
      "precision": 0.9372089538821131,
      "recall": 0.9205298013245033,
      "f1-score": 0.918471902269693,
      "support": 151.0
    }
  },
  "classes": [
    "EATTRIBUTE_ADDED",
    "EATTRIBUTE_REMOVED",
    "EATTRIBUTE_TYPE_CHANGED",
    "ECLASS_ABSTRACT_CHANGED",
    "ECLASS_ADDED",
    "ECLASS_REMOVED",
    "ECLASS_SUPERTYPE_ADDED",
    "EREFERENCE_ADDED",
    "EREFERENCE_CONTAINMENT_CHANGED",
    "EREFERENCE_MULTIPLICITY_CHANGED",
    "EREFERENCE_REMOVED",
    "MIXED"
  ],
  "feature_cols": [
    "nb_added_classes",
    "nb_removed_classes",
    "nb_added_attributes",
    "nb_removed_attributes",
    "nb_type_changes",
    "nb_added_references",
    "nb_removed_references",
    "nb_multiplicity_changes",
    "nb_containment_changes",
    "nb_abstract_changes",
    "nb_supertype_changes",
    "nsuri_changed"
  ]
}